English,Turkish,Indonesian,German,Arabic,Spanish,Hindi,French
Next,Sonraki,Berikutnya,Nächste,التالي,Siguiente,अगला,Suivant
OK,TAMAM,OKE,OK,حسنا,OK,ठीक है,D\'ACCORD
Cancel,İptal et,Membatalkan,Abbrechen,إلغاء,Cancelar,रद्द करना,Annuler
Retry,Yeniden dene,Mencoba kembali,Wiederholen,أعد المحاولة,Intentar de nuevo,ुन: प्रयास करे,Recommencez
Dismiss,Azlet,Membubarkan,Ablehnen,إلغاء,Descartar,नकार देना,Rejeter
Enable location access,Konum erişimini etkinleştir,Aktifkan akses lokasi,Standortzugriff aktivieren,تفعيل استخدام الموقع,Habilitar acceso a la ubicación,स्थान पहुंच सक्षम करे,Activer l\'accès à la localisation
Get started,Başla,Memulai,Loslegen,ابدأ الآن,Empezar,शुरू हो जाओ,Commencer
Enable notifications,Bildirimleri etkinleştir,Aktifkan notifikasi,Benachrichtigungen aktivieren,تفعيل الإشعارات,Permitir notificaciones,सूचनाएं सक्षम करें,Activer les notifications
Never miss Fajr prayer!,Sabah namazını asla kaçırmayın!,Jangan pernah melewatkan shalat Subuh!,Verpassen Sie niemals das Fajr-Gebet!,لا تفوت صلاة الفجر!,¡Nunca te pierdas la oración del Faŷr!,फज्र की नमाज़ कभी न चूकें!,Ne manquez jamais la prière du Fajr !
Wake up for Fajr by completing fun challenges,Eğlenceli mücadeleleri tamamlayarak sabah namazına uyanın,Bangun untuk Fajar dengan menyelesaikan tantangan menyenangkan,"achen Sie für Fajr auf, indem Sie lustige Herausforderungen meistern",استيقظ لصلاة الفجر من خلال استكمال تحديات ممتعة,Despierta para Faŷr completando divertidos desafíos,मजेदार चुनौतियों को पूरा करके फज्र के लिए जागें,Réveillez-vous pour Fajr en relevant des défis amusants
it will make sure the alarm works properly,alarmın düzgün çalıştığından emin olmanızı sağlar,itu akan memastikan alarm berfungsi dengan baik,"Dadurch wird sichergestellt, dass der Alarm ordnungsgemäß funktioniert",هذا للتاكد ان المنبه يعمل بشكل صحيح,Se asegurará de que la alarma funcione correctamente.,यह सुनिश्चित करेगा कि अलार्म ठीक से काम कर,cela garantira que l\'alarme fonctionne correctement
it will help us get the right prayer times for you,sizin için doğru namaz vakitlerini bulmamıza yardımcı olacaktır,ini akan membantu kami mendapatkan waktu sholat yang tepat untuk Anda,"Es wird uns helfen, die richtigen Gebetszeiten für Sie zu finden",هذا سيساعدنا لتحديد مواعيد الصلاة الصحيحة لك,Nos ayudará a conseguir los momentos de oración adecuados para usted.,इससे हमें आपके लिए सही प्रार्थना समय प्राप्त करने में मदद मिलेगी,cela nous aidera à trouver les bons horaires de prière pour vous
Azan Sounds,Ezan Sesleri,Suara Azan,Azan-Sounds,صوت الآذان,Sonidos de Azán,अज़ान की आवाज़,Sons Azan
Fajr alarm sound,Sabah alarmı sesi,Suara alarm Subuh,Fajr-Alarmton,صوت منبه الفجر,Sonido de alarma Faŷr,फज्र अलार्म ध्वनि,Son d\'alarme Fajr
Azan Sounds,Ezan,Azan,Azan,آذان,Azán,अज़ान,Azan
Other,Diğer,Lainnya,Andere,آخرى,Otro,अन्य,Autre
Please check your internet connection and try again,Lütfen internet bağlantınızı kontrol edin ve tekrar deneyin,Silakan periksa koneksi internet Anda dan coba lagi,Bitte überprüfen Sie Ihre Internetverbindung und versuchen Sie es erneut,من فضلك تأكد من الاتصال بالانترنت وحاول مرة اخرى,"Por favor, verifica tu conexión a Internet e inténtalo nuevamente.",पने इंटरनेट कनेक्शन की जाँच करें और पुन: प्रयास करे,"S\'il vous plaît, vérifiez votre connexion à internet et réessayez"
No internet connection. Please check your internet connection and try again,İnternet bağlantısı yok. Lütfen internet bağlantınızı kontrol edin ve tekrar deneyin,Tidak ada koneksi internet. Silakan periksa koneksi internet Anda dan coba lagi,Keine Internetverbindung. Bitte überprüfen Sie Ihre Internetverbindung und versuchen Sie es erneut,لا يوجد اتصال بالنترنت. من فضلك تأكد من الاتصال بالانترنت وحاول مرة اخرى,"Sin conexión a Internet. Por favor, verifica tu conexión a Internet e inténtalo nuevamente.",कोई इंटरनेट कनेक्शन नहीं. अपने इंटरनेट कनेक्शन की जाँच करें और पुन: प्रयास करे,"Pas de connexion Internet. S\'il vous plaît, vérifiez votre connexion à internet et réessayez"
No internet connection. You need internet connection to download new sounds.,İnternet bağlantısı yok. Yeni sesler indirmek için internet bağlantısına ihtiyacınız var.,Tidak ada koneksi internet. Anda memerlukan koneksi internet untuk mengunduh suara baru.,Keine Internetverbindung. Bitte überprüfen Sie Ihre Internetverbindung und versuchen Sie es erneut,لا يوجد اتصال بالإنترنت. تحتاج إلى اتصال بالإنترنت لتنزيل أصوات جديدة.,,कोई इंटरनेट कनेक्शन नहीं. नई ध्वनियाँ डाउनलोड करने के लिए आपको इंटरनेट कनेक्शन की आवश्यकता है,Pas de connexion Internet. Vous avez besoin d\'une connexion Internet pour télécharger de nouveaux sons.
lease enable Fajr Alarm to send you notifications via your phone settings,Lütfen telefon ayarlarınız aracılığıyla size bildirim göndermesi için Sabah Alarmını etkinleştirin,Harap aktifkan Alarm Fajar untuk mengirimi Anda pemberitahuan melalui pengaturan telepon Anda,"Bitte aktivieren Sie Fajr Alarm, um Ihnen Benachrichtigungen über Ihre Telefoneinstellungen zu senden",يرجى تمكين منبه الفجر لإرسال إشعارات عبر إعدادات هاتفك,Sin conexión a Internet. Necesitas conexión a Internet para descargar nuevos sonidos.,ृपया अपनी फ़ोन सेटिंग के माध्यम से आपको सूचनाएं भेजने के लिए फज्र अलार्म को सक्षम करें,Veuillez activer l\'alarme Fajr pour vous envoyer des notifications via les paramètres de votre téléphone.
Open phone settings,Telefon ayarlarını aç,Buka pengaturan telepon,Öffnen Sie die Telefoneinstellungen,فتح إعدادات الهاتف,Abrir configuración del teléfono,़ोन सेटिंग खोले,Ouvrir les paramètres du téléphone
Sending notifications is enabled,Bildirim gönderme etkin,Mengirim pemberitahuan diaktifkan,Das Senden von Benachrichtigungen ist aktiviert,تم منح الحصول إلى الإشعارات,El envío de notificaciones está habilitado.,ूचनाएं भेजना सक्षम है,L\'envoi de notifications est activé
Please enable Fajr Alarm to use your current location via your phone settings,,Harap aktifkan Alarm Fajar untuk menggunakan lokasi Anda saat ini melalui pengaturan telepon Anda,"Bitte aktivieren Sie Fajr Alarm, um Ihren aktuellen Standort über Ihre Telefoneinstellungen zu verwenden",يرجى تمكين الموقع لتحديد مواقيت الصلاة الصحيحة لك عبر إعدادات هاتفك,Habilita Faŷr Alarm para usar tu ubicación actual a través de la configuración de tu teléfono,कृपया अपनी फ़ोन सेटिंग के माध्यम से फ़ज्र अलार्म को अपने वर्तमान स्थान का उपयोग करने के लिए सक्षम करें,Veuillez activer l\'alarme Fajr pour utiliser votre position actuelle via les paramètres de votre téléphone.
Open phone settings,Telefon ayarlarını aç,Buka pengaturan telepon,Öffnen Sie die Telefoneinstellungen,فتح إعدادات الهاتف,Abrir configuración del teléfono,़ोन सेटिंग खोलें,Ouvrir les paramètres du téléphone
Current location access granted,Mevcut konuma erişim izni verildi,Akses lokasi saat ini diberikan,Zugriff auf den aktuellen Standort gewährt,تم منح الوصول إلى الموقع الحالي,Acceso a la ubicación actual concedido,वर्तमान स्थान पहुंच प्रदान की गई,Accès à l\'emplacement actuel accordé
Please enable Fajr Alarm to schedule exact alarm permission,Lütfen telefon ayarlarınızdan mevcut konumunuzu kullanmak için Sabah Alarmını etkinleştirin,Harap aktifkan Alarm Fajar untuk menjadwalkan izin alarm yang tepat,"Bitte aktivieren Sie Fajr Alarm, um die genaue Alarmberechtigung zu planen",يرجى تمكين منبه الفجر لتحديد وقت المنبه بالضبط,Habilita Faŷr Alarm para programar el permiso de alarma exacto,कृपया सटीक अलार्म अनुमति शेड्यूल करने के लिए फज्र अलार्म को सक्षम करें,Veuillez activer l\'alarme Fajr pour planifier l\'autorisation exacte de l\'alarme.
Open phone settings,Telefon ayarlarını aç,Buka pengaturan telepon,Öffnen Sie die Telefoneinstellungen,فتح إعدادات الهاتف,Abrir configuración del teléfono,फ़ोन सेटिंग खोलें,Ouvrir les paramètres du téléphone
App “schedule exact alarm permission” access granted,"Uygulamaya \""tam alarm planlama izni\"" erişimi verildi","Akses aplikasi \""jadwalkan izin alarm yang tepat\"" diberikan",App-Zugriff „Genaue Alarmberechtigung planen“ gewährt,"تم منح إذن ""تحديد وقت المنبه بالضبط"" للتطبيق",Acceso otorgado a la aplicación “programar permiso de alarma exacto”,"ऐप \""शेड्यूल सटीक अलार्म अनुमति\"" पहुंच प्रदान की गई",Accès à l\'application « planifier l\'autorisation exacte de l\'alarme » accordé
Please enable Fajr Alarm to use notification channels,Bildirim kanallarını kullanmak için lütfen Sabah Alarmını etkinleştirin,Harap aktifkan Alarm Fajar untuk menggunakan saluran notifikasi,"Bitte aktivieren Sie Fajr Alarm, um Benachrichtigungskanäle zu verwenden",يرجى تمكين منبه الفجر لاستخدام قنوات الإشعارات,Habilita Faŷr Alarm para usar canales de notificación,अधिसूचना चैनलों का उपयोग करने के लिए कृपया फज्र अलार्म को सक्षम करे,Veuillez activer l\'alarme Fajr pour utiliser les canaux de notification
Open phone settings,Telefon ayarlarını aç,Buka pengaturan telepon,Öffnen Sie die Telefoneinstellungen,فتح إعدادات الهاتف,Abrir configuración del teléfono,फ़ोन सेटिंग खोलें,Ouvrir les paramètres du téléphone
Notification channels is enabled,Bildirim kanalları etkin,Saluran notifikasi diaktifkan,Benachrichtigungskanäle sind aktiviert,"تم منح إذن ""استخدام قنوات الإشعارات"" للتطبيق",Los canales de notificación están habilitados.,अधिसूचना चैनल सक्षम है,Les canaux de notification sont activés
Please make sure auto start permission is enabled for Fajr alarm app,Lütfen sabah alarmı uygulaması için otomatik başlatma izninin etkinleştirildiğinden emin olun,Harap pastikan izin mulai otomatis diaktifkan untuk aplikasi alarm Fajar,"Bitte stellen Sie sicher, dass die Autostart-Berechtigung für die Fajr-Alarm-App aktiviert ist",يرجى التأكد من تمكين إذن بدء التشغيل التلقائي لتطبيق منبه الفجر,Asegúrate de que el permiso de inicio automático esté habilitado para la aplicación de alarma Faŷr,कृपया सुनिश्चित करें कि फ़ज्र अलार्म ऐप के लिए ऑटो स्टार्ट अनुमति सक्षम है,Veuillez vous assurer que l\'autorisation de démarrage automatique est activée pour l\'application d\'alarme Fajr.
Open phone settings,Telefon ayarlarını aç,Buka pengaturan telepon,Öffnen Sie die Telefoneinstellungen,فتح إعدادات الهاتف,Abrir configuración del teléfono,फ़ोन सेटिंग खोलें,Ouvrir les paramètres du téléphone
Please make sure “Running in the background permission” is enabled for Fajr alarm app,"Lütfen Sabah alarm uygulaması için \""Arka planda çalışma izninin\"" etkinleştirildiğinden emin olun","Harap pastikan \""Izin berjalan di latar belakang\"" diaktifkan untuk aplikasi alarm Fajar","Bitte stellen Sie sicher, dass die Berechtigung „Im Hintergrund ausführen“ für die Fajr-Alarm-App aktiviert ist",يرجى التأكد من تمكين إذن بدء التشغيل التلقائي لتطبيق منبه الفجر,Asegúrate de que el permiso de inicio automático esté habilitado para la aplicación de alarma Faŷr,"कृपया सुनिश्चित करें कि फ़ज्र अलार्म ऐप के लिए \""बैकग्राउंड में चलने की अनुमति\"" सक्षम है",Veuillez vous assurer que « Autorisation d\'exécution en arrière-plan » est activé pour l\'application d\'alarme Fajr.
Open phone settings,Telefon ayarlarını aç,Buka pengaturan telepon<,Öffnen Sie die Telefoneinstellungen,فتح إعدادات الهاتف,Abrir configuración del teléfono,फ़ोन सेटिंग खोलें,Ouvrir les paramètres du téléphone
Running in background is enabled,Arka planda çalıştırma etkinleştirildi,Berjalan di latar belakang diaktifkan,Die Ausführung im Hintergrund ist aktiviert,"تم منح إذن ""بدء التشغيل التلقائي"" للتطبيق",La ejecución en segundo plano está habilitada,पृष्ठभूमि में चलना सक्षम है,L\'exécution en arrière-plan est activée
Fajr,Sabah,Subuh,Fajr,الفجر,Faŷr,फज्र,Fajr
Sunrise,Gündoğumu,Matahari terbit,Sonnenaufgang,الشروق,Amanecer,सूर्योदय,Lever du soleil
Duhr,Öğlen,Dzuhur,Duhr,الظهر,Duhr,डुह्र,Dhuhr
Asr,İkindi,Ashar,Asr,العصر,Asr,अस्र,Asr
Maghrib,Akşam,Maghrib,Maghrib,المغرب,Magreb,मग़रिब,Maghrib
Isha,Yatsı,Isya,Isha,العشاء,Isha,ईशा,Isha
Fajr Alarm,Sabah Alarmı,Alarm Subuh,Fajr-Alarm,منبه الفجر,Alarma de Faŷr,फज्र अलार्म,Alarme Fajr
Preview Alarm,Alarmı Önizle,Pratinjau Alarm,Vorschaualarm,عرض المنبه,Vista previa de alarma,पूर्वावलोकन अलार्म,Aperçu de l\'alarme
Sunrise time,Gün doğumu zamanı,Waktu matahari terbit,Sonnenaufgangszeit,وقت الشروق,Hora del amanecer,सूर्योदय का समय,Heure du lever du soleil
Fajr time,Sabah vakti,Waktu Subuh,Fajr-Zeit,وقت الفجر,Hora del Faŷr,फज्र का समय,Heure du Fajr
Time,Zaman,Waktu,Zeit,الوقت,Tiempo,समय,Temps
Set Fajr alarm,Sabah alarmını ayarla,Setel alarm Fajar,Fajr-Alarm einstellen,ضبط منبه الفجر,Establecer alarma Faŷr,फज्र अलार्म सेट करें,Régler l\'alarme Fajr
Set Fajr alarm time,Sabah alarmı saatini ayarlayın,Atur waktu alarm Fajar,Fajr-Alarmzeit einstellen,ضبط وقت منبه الفجر,Establecer la hora de alarma de Faŷr,फज्र अलार्म का समय निर्धारित करे,Régler l\'heure de l\'alarme Fajr
Before Fajr,Sabahtan önce,Sebelum Subuh,Vor Fajr,قبل الفجر,Antes del Faŷr,फज्र से पहले,Avant le Fajr
After Fajr,Sabah namazından sonra,Setelah Subuh,Nach Fajr,بعد الفجر,Después del Faŷr,फज्र के बाद,Après le Fajr
Sound,Ses,Suara,Sound,الصوت,Sonido,आवाज़,Son
Challenge type,Mücadele türü,Tipe tantangan,Herausforderungstyp,نوع التحدي,Tipo de desafío,चुनौती प्रकार,Type de défi
Default,Varsayılan,Bawaan,Standard,منبه عادي,Por defecto,गलती करना,Défaut
Wake up without doing any challenge,Herhangi bir meydan okuma yapmadan uyanın,Bangun tanpa melakukan tantangan apa pun,"Wachen Sie auf, ohne sich einer Herausforderung zu stellen",الاستيقاظ بدون اي تحدي,Despierta sin hacer ningún desafío,बिना कोई चुनौती किये जागो,Réveillez-vous sans relever aucun défi
Questions,Sorular,Pertanyaan,Fragen,الأسئلة,Preguntas,प्रश्न,Des questions
Answer 3 questions to stop the alarm,Alarmı durdurmak için 3 soruyu yanıtlayı,Jawab 3 pertanyaan untuk menghentikan alarm,"Beantworten Sie 3 Fragen, um den Alarm zu stoppen",أجب عن ٣ أسئلة لإيقاف المنبه,Responde 3 preguntas para detener la alarma,अलार्म बंद करने के लिए 3 प्रश्नों के उत्तर दें,Répondez à 3 questions pour arrêter l\'alarme
Shake to wake,Uyanmak için sallayın,Kocok untuk bangun,Zum Aufwachen schütteln,هز الجهاز لتستيقظ,Agita para despertar,जगाने के लिए हिलाओ,Secouez pour vous réveiller
Shake your phone to stop the alarm,Alarmı durdurmak için telefonunuzu sallayın,Goyangkan ponsel Anda untuk menghentikan alarm,"Schütteln Sie Ihr Telefon, um den Alarm zu stoppen",هز هاتفك عدة مرات لإيقاف المنبه,Agita tu teléfono para detener la alarma,अलार्म बंद करने के लिए अपना फ़ोन हिलाएँ,Secouez votre téléphone pour arrêter l\'alarme
You will need to complete the challenge once the alarm is triggered,Alarm tetiklendiğinde mücadeleyi tamamlamanız gerekecek,Anda harus menyelesaikan tantangan setelah alarm berbunyi,"Sie müssen die Herausforderung abschließen, sobald der Alarm ausgelöst wird",ستحتاج إلى إكمال التحدي عندما يعمل المنبه,Deberás completar el desafío una vez que se active la alarma.,अलार्म बजने पर आपको चुनौती पूरी करनी होगी,Vous devrez relever le défi une fois l\'alarme déclenchée
Stop preview,Önizlemeyi durdur,Hentikan pratinjau,Vorschau stoppen,وقف العرض,Detener vista previa,पूर्वावलोकन बंद करो,Arrêter l\'aperçu
Well done!,Tebrikler!,Bagus sekali!,Gut gemacht!,أحسنت !,¡Bien hecho!,बहुत अच्छा!,Bien joué !
"\""The two Rak\'ah before the dawn (Fajr) prayer are better than this world and all it contains\""","\""Sabah namazından önceki iki rek\'at, dünya ve içindekilerden daha hayırlıdır.\""",“Dua rakaat sebelum salat subuh lebih baik dari dunia dan seisinya”,"„Die zwei Rak\'ah vor dem Morgengebet (Fajr) sind besser als diese Welt und alles, was sie enthält.“","\""ركعتا الفجر خير من الدنيا وما فيها\""","\""Las dos Rak\'ah antes de la oración del amanecer (Faŷr) son mejores que este mundo y todo lo que contiene\""","\""फज्र की नमाज़ से पहले की दो रकात इस दुनिया और इसमें मौजूद हर चीज़ से बेहतर हैं\""","\""Les deux Rak\'ah avant la prière de l\'aube (Fajr) valent mieux que ce monde et tout ce qu\'il contient\"""
Prayer times,İbadet zamanları,Waktu sholat,Gebetszeiten,أوقات الصلاة,Tiempos de oración,प्रार्थना का समय,Horaires de prière
Fajr alarm,Sabah alarmı,Alarm Subuh,Fajr-Alarm,منبه الفجر,Alarma de Faŷr,फज्र अलार्म,Alarme Fajr
Settings,Ayarlar,Pengaturan,Einstellunge,الإعدادات,Ajustes,समायोजन,Paramètres
Prayer settings,Dua ayarları,Pengaturan doa,Gebetseinstellungen,إعدادات الصلوات,Configuraciones de oración,प्रार्थना सेटिंग,Paramètres de prière
Azan sound,Ezan sesi,suara Azan,Azan-Sound,صوت الآذان,Sonido Azán,अज़ान की आवा,Son Azan
Location,Konum,Lokasi,Standort ,الموقع,Ubicación,जगह,Emplacement
Calculation method,Hesaplama yöntemi,Metode kalkulasi,Rechenmethode,طريقة الحساب,Método de cálculo,गणना विधि,Méthode de calcul
App permissions,Uygulama izinleri,Izin aplikasi,App-Berechtigungen,صلاحيات التطبيق,Permisos de aplicacione,एप्लिकेशन अनुमतियों,Autorisations des applications
General settings,Genel Ayarlar,Pengaturan Umum,Allgemeine Einstellungen,الإعدادات العامة,Configuración general,सामान्य सेटिंग्स,Réglages généraux
Language,Dil,Bahasa,Sprache,اللغات,Idioma,भाषा,Langue
Hijri calendar correction,Hicri takvim düzeltmesi,Koreksi penanggalan Hijriah,Korrektur des Hijri-Kalenders,تصحيح التقويم الهجري,Corrección del calendario Hijri,हिजरी कैलेंडर सुधार,Correction du calendrier Hijri
About,Hakkında,Tentang,Über,حول التطبيق,Acerca de,के बारे में,À propos
Contact us,Bize Ulaşın,Hubungi kami,Kontaktieren Sie uns,تواصل معنا,Configuración/corrección de hora,संपर्क करें,Contactez-nous
Rate app,Uygulamayı derecelendi,Nilai aplikasi,App bewerten,تقييم التطبيق,Contáctenos,एप्प का मूल्यांकन,Application de taux
Share app,Uygulamayı Paylaş,Bagikan aplikasi,App teilen,شارك التطبيق,Calificar aplicacion,ऐप शेयर करें,Partager l\'application
Our other products,Diğer ürünlerimi,Aplikasi kami yang lain,Unsere anderen Produkte,تطبيقاتنا,Compartir aplicación,हमारे अन्य उत्पाद,Nos autres applications
Sync prayer times to your google calendar,Namaz vakitlerini Google takviminize senkronize edin,Sinkronkan waktu sholat ke kalender Google Anda,Synchronisieren Sie die Gebetszeiten mit Ihrem Google-Kalender,تزامن مع تقويم جوجل,Nuestros otros productos,्रार्थना के समय को अपने Google कैलेंडर से सिंक करें,Synchronisez les heures de prière avec votre agenda Google
Start your Quran learning adventure,Kuran öğrenme maceranıza başlayın,Mulailah Petualangan Belajar Quran Anda,Beginnen Sie Ihr Koran-Lernabenteuer,ابدأ رحلتك لتعلم القرآن الكريم,Sincroniza los tiempos de oración con tu calendario de Google,अपना कुरान सीखने का साहसिक कार्य शुरू करें,Commencez votre aventure d\'apprentissage du Coran
Summer time correction,Yaz saati düzeltmesi,Koreksi waktu musim panas,Korrektur der Sommerzeit,دعم التوقيت الصيفي,Corrección del horario de verano,ग्रीष्मकालीन समय सुधार,Correction de l\'heure d\'été
This app is developed by Blink22 an international software and application development solutions company,Bu uygulama uluslararası bir yazılım ve uygulama geliştirme çözümleri şirketi olan Blink22 tarafından geliştirilmiştir.,"Aplikasi ini dikembangkan oleh Blink22, sebuah perusahaan solusi pengembangan perangkat lunak dan aplikasi internasional","Diese App wurde von Blink22, einem internationalen Unternehmen für Software- und Anwendungsentwicklungslösungen, entwickelt",تم تطوير هذا التطبيق بواسطة Blink22 ، وهي شركة دولية لحلول تطوير البرامج والتطبيقات,"sta aplicación está desarrollada por Blink22, una empresa internacional de soluciones de desarrollo de aplicaciones y software.",यह ऐप एक अंतरराष्ट्रीय सॉफ्टवेयर और एप्लिकेशन डेवलपमेंट सॉल्यूशंस कंपनी Blink22 द्वारा विकसित किया गया है,"Cette application est développée par Blink22, une société internationale de solutions de développement de logiciels et d\'applications."
Check Blink22,Blink22\'yi kontrol edin,Periksa Blink22,Schauene Sie sich Blink22 an,تفقد Blink22,Comprobar Blink22,ब्लिंक22 की जाँच करें,Vérifiez Blink22
Use current location,Mevcut konumu kullan,Gunakan lokasi saat ini,Aktuellen Standort verwenden,استخدم موقعك الحالي,Usar ubicación actual,वर्तमान स्थान का उपयोग करें,Utiliser l\'emplacement actuel<
Search for a city,Bir şehir arayın,Cari kota,Nach einer Stadt suchen,البحث عن مدينة,Buscar una ciudad,एक शहर खोजें,Rechercher une ville
Recent,Son,Terkini,Jüngste,الموقع الأخير,Reciente,हाल ही का,Récent
your city,senin şehirin,kotamu,Ihre Stadt,مدينتك,Tu ciudad,आपका शहर,ta ville
Calculation method,Hesaplama yöntemi,Metode kalkulasi,Rechenmethode,طريقة الحساب,Método de cálculo,गणना विधि,Méthode de calcul
Automatic (Location based),Otomatik (Konum bazlı),Otomatis (Berbasis lokasi),Automatisch (standortbasiert),تلقائيا,Automático (basado en la ubicación),स्वचालित (स्थान आधारित),Automatique (basé sur la localisation)
Muslim World League,Müslüman Dünya Ligi,Liga Dunia Muslim,Muslimische Weltliga,رابطة العالم الاسلامي,Liga Mundial Musulmana,मुस्लिम वर्ल्ड लीग,Ligue musulmane mondiale
Islamic Society of North America,Kuzey Amerika İslam Topluluğu,Masyarakat Islam Amerika Utara,Islamische Gesellschaft Nordamerikas,الجمعية الإسلامية لأمريكا الشمالية,Sociedad Islámica de América del Norte,उत्तरी अमेरिका की इस्लामिक सोसायटी,Société islamique d\'Amérique du Nord
Egyptian General Authority of Survey,Mısır Genel Araştırma Kurumu,Otoritas Umum Survei Mesir,Ägyptische Generalvermessungsbehörde,الهيئة المصرية العامة,Autoridad General de Estudios de Egipto,मिस्र के सामान्य सर्वेक्षण प्राधिकरण,Autorité générale égyptienne des enquêtes
Umm Al-Qura,Ümmü\'l-Kura,Ummu Al-Qura,Umm Al-Qura,جامعة أم القرى بمكة المكرمة,Umm Al-Qura,उम्म अल-क़ुरा,Umm Al-Qura
"University of Islamic Sciences, Karachi ","İslami İlimler Üniversitesi, Karaçi ","Universitas Ilmu Islam, Karachi ","Universität für Islamische Wissenschaften, Karatschi ",جامعة العلوم الإسلامية بكراتشي,"Universidad de Ciencias Islámicas, Karachi","इस्लामिक साइंसेज विश्वविद्यालय, कराची ","Université des sciences islamiques, Karachi "
UAE General Authority of Islamic Affairs And Endowments,Körfez bölgesi,Otoritas Umum Urusan Islam dan Wakaf UEA,Generalbehörde für islamische Angelegenheiten und Stiftungen der VAE,الهيئة العامة للشئون الإسلامية و الأوقاف بالإمارات العربية المتحدة,Región del Golfo,यूएई जनरल अथॉरिटी ऑफ इस्लामिक अफेयर्स एंड एंडोमेंट्स,Autorité générale des affaires islamiques et des dotations des Émirats arabes unis
Kuwait,Kuveyt,Kuwait,Kuwait,الكويت,Kuwait,कुवैट,Koweit
Umm Al-Qura(Qatar),Ümmü\'l-Kura(Katar),Ummu Al-Qura(Qatar),Umm Al-Qura(Katar),قطر,Umm Al-Qura(Qatar),उम्म अल-क़ुरा(कतर),Umm Al-Qura (Qatar)
Majlis Ugama Islam Singapura,Meclis Ugama İslam Singapura,Majlis Ugama Islam Singapura,Majlis Ugama Islam Singapura,المجلس الإسلامي في سنغافورة,Majlis Ugama Islam Singapura,मजलिस उगामा इस्लाम सिंगापुरा,Majlis Ugama Islam Singapour
Moon Sighting Committee,Ay Gözlem Komitesi,Komite Penampakan Bulan,Mondsichtungskomitee,لجنة مشاهدة القمر,Comité de avistamiento de la luna,चन्द्र दर्शन समिति,Comité d\'observation de la Lune
University of Tehran,Tahran Üniversitesi,Universitas Teheran,Universität Teheran,معهد فيزياء الارض بجامعة طهران,Universidad de Teherán,तेहरान विश्वविद्यालय,Université de Téhéran
"Diyanet Isleri Baskangligi, Turkey","Diyanet İşleri Başkanlığı, Türkiye","Diyanet Isleri Baskangligi, Turki","Diyanet Isleri Baskangligi, Türkei",رئاسة الشؤون الدينية ، تركيا,"Diyanet Isleri Baskangligi, Turquía","डायनेट इस्लेरी बासकंग्लिगी, तुर्की","Diyanet Isleri Baskangligi, Turquie"
Spiritual Administration of Muslims of Russia,Rusya Müslümanlarının Manevi Yönetimi,Administrasi Spiritual Muslim Rusia,Spirituelle Verwaltung der Muslime Russlands,الإدارة الروحية لمسلمي روسيا,Administración espiritual de los musulmanes de Rusia,रूस के मुसलमानों का आध्यात्मिक प्रशासन,Administration spirituelle des musulmans de Russie
London Unified Islamic Prayer Timetable,Londra Birleşik İslami Namaz Vakitleri,Jadwal Sholat Islam Terpadu London,Londoner einheitlicher islamischer Gebetsplan,المملكه المتحده,Horario de oración islámico unificado de Londres,लंदन एकीकृत इस्लामी प्रार्थना समय सारिणी,Horaire de prière islamique unifié à Londres
Union des Organisations Islamiques de France (France 12),Union des Organities Islamiques de France (Fransa 12),Union des Organizations Islamiques de France (Prancis 12),Union des Organizations Islamiques de France (Frankreich 12,فرنسا ١٢,Unión de Organizaciones Islámicas de Francia (Francia 12),यूनियन डेस ऑर्गेनाइज़ेशंस इस्लामिक्स डी फ़्रांस (फ़्रांस 12),Union des Organisations Islamiques de France (France 12)
France 15,Fransa 15,Perancis 15,Frankreich 15,فرنسا ١٥,Francia 15,फ़्रांस 15,France 15
Grande Mosquee de Paris (France 18),Grande Camisi de Paris (Fransa 18),Grande Mosquee de Paris (Prancis 18),Grande Mosquee de Paris (Frankreich 18),فرنسا ١٨,Gran Mezquita de París (Francia 18),ग्रांडे मॉस्की डे पेरिस (फ्रांस 18),Grande Mosquée de Paris (France 18)
"Shia Ithna-Ashrai, Leva Institute, Qum (Jafari)","Şii İsna-Ashrai, Leva Enstitüsü, Kum (Caferi)","Shia Ithna-Ashrai, Institut Leva, Qum (Jafari)","Shia Ithna-Ashrai, Leva-Institut, Qum (Jafari)",الجعفري,"Shia Ithna-Ashrai, Instituto Leva, Qum (Jafari)","शिया इथना-अशराय, लेवा इंस्टीट्यूट, क्यूम (जाफरी)","Shia Ithna-Ashrai, Institut Leva, Qum (Jafari)"
Jakim,Yakim,Jakim,Jakim,هيئة الشؤون الاسلاميه بماليزيا,Jakim,जाकिम,Jakim
Makkah Al-Mukarramah,Mekke-i Mükerreme,Makkah Al-Mukarramah,Makkah Al-Mukarramah,مكة المكرمة,La Meca Al-Mukarramah,मक्का अल-मुकर्रमा,La Mecque Al-Mukarramah
Tunisian Ministry of Religious Affairs,Tunus Diyanet İşleri Bakanlığı,Kementerian Agama Tunisia,Tunesisches Ministerium für religiöse Angelegenheiten,وزارة الشؤون الدينية بتونس,Ministerio de Asuntos Religiosos de Túnez,ट्यूनीशियाई धार्मिक मामलों का मंत्रालय,Ministère tunisien des Affaires religieuses
Algerian Ministry of Religious Affairs and Wakfs,Cezayir Diyanet İşleri ve Vakıflar Bakanlığı,Kementerian Agama dan Wakaf Aljazair,Algerisches Ministerium für religiöse Angelegenheiten und Wakfs,وزارة الشؤون الدينية والأوقاف بالجزائر,Ministerio argelino de Asuntos Religiosos y Wakfs,अल्जीरियाई धार्मिक मामलों और वक्फ मंत्रालय,Ministère algérien des Affaires religieuses et des Wakfs
Oman Ministry of Awqaf and Religious Affairs,Umman Evkaf ve Diyanet İşleri Bakanlığı,Kementerian Awqaf dan Agama Oman,Oman Ministerium für Awqaf und religiöse Angelegenheiten,وزارة الاوقاف والشؤون الدينية بعمان,Ministerio de Awqaf y Asuntos Religiosos de Omán,ओमान अवकाफ और धार्मिक मामलों का मंत्रालय,Ministère des Awqaf et des Affaires religieuses d\'Oman
"University of Islamic Sciences, Karachi(Pakistan)","İslami İlimler Üniversitesi, Karaçi(Pakistan)","Universitas Ilmu Pengetahuan Islam, Karachi(Pakistan)","Universität für Islamische Wissenschaften, Karachi (Pakistan)",جامعة العلوم الإسلامية بكراتشي (باكستان),"Universidad de Ciencias Islámicas, Karachi(Pakistán)","इस्लामिक साइंसेज विश्वविद्यालय, कराची(पाकिस्तान)","Université des sciences islamiques, Karachi(Pakistan)"
Moroccan Ministry of Endowments and Islamic Affairs,Fas Evkaf ve İslami İşler Bakanlığı,Kementerian Wakaf dan Urusan Islam Maroko,Marokkanisches Ministerium für Stiftungen und islamische Angelegenheiten,وزارة الأوقاف والشؤون الإسلامية بالمغرب,Ministerio marroquí de Dotaciones y Asuntos Islámicos,मोरक्कन बंदोबस्ती और इस्लामी मामलों का मंत्रालय,Ministère marocain des Dotations et des Affaires islamiques
Sihat/Kemenag (Indonesia),Sihat/Kemenag (Endonezya),Sihat/Kemenag (Indonesia),Sihat/Kemenag (Indonesien),سيهات / كيميناج اندونيسيا,Sihat/Kemenag (Indonesia),सिहात/केमेनाग (इंडोनेशिया),Sihat/Kemenag (Indonésie)
"Jordan Ministry of Awqaf,Islamic Affairs and Holy Sites","Ürdün Evkaf,İslam İşleri ve Kutsal Mekanlar Bakanlığı","Kementerian Wakaf Yordania,Urusan Islam dan Tempat Suci","Jordanisches Ministerium für Awqaf, islamische Angelegenheiten und heilige Stätten",وزارة الاوقاف والشؤون والمقدسات الاسلامية بالأردن,"inisterio de Awqaf,Asuntos Islámicos y Lugares Sagrados de Jordania","जॉर्डन अवकाफ़ मंत्रालय,इस्लामी मामले और पवित्र स्थल","Ministère jordanien des Awqaf,des Affaires islamiques et des Lieux saints"
Federation of Islamic Associations in Basque Country,Bask Ülkesi İslami Dernekler Federasyonu,Federasi Asosiasi Islam di Negara Basque,Föderation islamischer Vereinigungen im Baskenland,اتحاد الجمعيات الإسلامية في بلاد الباسك,Federación de Asociaciones Islámicas del País Vasco,बास्क देश में इस्लामी संघों का संघ,Fédération des associations islamiques du Pays Basque
Fixed Isha Angle Interval,Sabit Yatsı Açı Aralığı,Memperbaiki Interval Sudut Isya,Das Isha-Winkelintervall wurde korrigiert,زاوية العشاء الثابتة,ntervalo de ángulo de Isha fijo,निश्चित ईशा कोण अंतराल,Intervalle d\'angle Isha fixe
Could not find the right mapping,Doğru eşleme bulunamadı,Tidak dapat menemukan pemetaan yang tepat,Die richtige Zuordnung konnte nicht gefunden werden,لم نتمكن من تحديد طريقة حساب الصلوات,No se pudo encontrar el mapeo correcto,सही मैपिंग नहीं मिल सकी,Impossible de trouver le bon mappage
Shake your phone,Telefonunuzu sallayın,Goyangkan ponsel Anda,Schütteln Sie Ihr Telefon,قم بهز الهاتف,Sacude tu telefono,शेक युअर फ़ोन,Secoue ton téléphone
Hijri calendar corrections,Hicri takvim düzeltmeleri,Koreksi penanggalan Hijriah,Korrekturen des Hijri-Kalenders,تعديل التقويم الهجري,Correcciones del calendario Hijri,हिजरी कैलेंडर सुधार,Corrections du calendrier Hijri
Today\'s date,Bugünün tarihi,Tanggal hari ini,Heutiges Datum,تاريخ اليوم,Fecha,आज की तारीख,La date d\'aujourd\'hui
Default,Varsayılan,Bawaan,Standard,لا تعديل,Por defecto,गलती करना,Défaut
" I asked the Prophet ﷺ which action is dearest to God and he replied, “Prayer at its proper time.”","Peygamber Efendimiz\'e (s.a.v.) Allah katında hangi amelin en sevimli olduğunu sordum ve o şöyle cevap verdi: \""Namazı vaktinde kılın.\"""," Aku bertanya kepada Nabi ﷺ amalan apa yang paling disukai Allah dan beliau menjawab, “Sholat pada waktunya.” ","Ich fragte den Propheten ﷺ, welche Handlung Gott am liebsten sei, und er antwortete: „Das Gebet zur richtigen Zeit.“",سٌئل رسول الله ﷺ : أي العمل أحب إلى الله ؟ قال:“الصلاة على وقتها”.,Le pregunté al Profeta ﷺ qué acción es más querida por Dios y él respondió: “Oración en el momento adecuado”.," मैंने पैगंबर ﷺ से पूछा कि कौन सा कार्य ईश्वर को सबसे प्रिय है और उन्होंने उत्तर दिया, \""उचित समय पर प्रार्थना.\""",J\'ai demandé au Prophète ﷺ quelle action est la plus chère à Dieu et il a répondu : « La prière au moment opportun. » 
App permissions,Uygulama izinleri,Izin aplikasi,App-Berechtigungen,صلاحيات التطبيق,Permisos de aplicaciones,एप्लिकेशन अनुमतियों,Autorisations des applications
Warning icon,Uyarı simgesi,Ikon peringatan,Warnsymbol,أيقونة التحذير,Icono de advertencia,चेतावनी चिह्न,Icône d\'avertissement
"For a better experience, please enable auto-start for Fajr app.",Daha iyi bir deneyim için lütfen Fajr uygulamasının otomatik başlatılmasını etkinleştirin.,"Untuk pengalaman yang lebih baik, harap aktifkan Auto-Start untuk FAJR App.",Für ein besseres Erlebnis aktivieren Sie bitte Autostart für die Fajr-App.,.لتجربة أفضل، يرجى تمكين بدء التشغيل التلقائي لتطبيق فجر,"Para una mejor experiencia, habilita el inicio automático de la aplicación Faŷr.","बेहतर अनुभव के लिए, कृपया फ़ज्र ऐप के लिए ऑटो-स्टार्ट सक्षम करें.","Pour une meilleure expérience, veuillez activer le démarrage automatique pour l\'application FAJR."
OK,TAMAM,OKE,OK,حسنا,OK,ठीक है,D\'ACCORD
NO THANKS,"HAYIR, TEŞEKKÜRLER","TIDAK, TERIMA KASIH",NEIN DANKE,لا شكرا,"NO, GRACIAS","जी नहीं, धन्यवाद",NON MERCI
Prayer Notification Sound,Namaz Bildirim Sesi,Suara pemberitahuan doa,Gebetsbenachrichtigungston,اشعارات الصلوات,Sonido de notificación de oración,प्रार्थना अधिसूचना ध्वनि,SON NOTIFICATION DE PRIÈRE
You can activate the notification of each prayer time separately,Her namaz vaktinin bildirimini ayrı ayrı aktif hale getirebilirsiniz.,Anda dapat mengaktifkan pemberitahuan,Sie können die Benachrichtigung für jede Gebetszeit separat aktivieren,يمكنك تفعيل المنبه لكل صلاة على حدا,Puedes activar la notificación de cada tiempo de oración por separado.,आप प्रत्येक प्रार्थना समय की अधिसूचना को अलग से सक्रिय कर सकते हैं,Vous pouvez activer la notification
Fajr Alarm,Sabah Alarmı,Alarm fajr,Fajr-Alarm,منبه الفجر,Alarma de Faŷr,फज्र अलार्म,Alarme FAJR
Set up a Special Alarm for Fajr prayer,Sabah namazı için özel bir alarm kurun,Siapkan alarm khusus untuk doa fajr,Richten Sie einen besonderen Alarm für das Fajr-Gebet ein,تفعيل المنبه خاص بصلاة الفجر,Configura una alarma especial para la oración del Faŷr,फज्र की नमाज़ के लिए एक विशेष अलार्म सेट करे,Configurez une alarme spéciale pour la prière FAJR
Adjust Fajr Alarm,Sabah Alarmını Ayarla,Sesuaikan alarm fajr,Passen Sie den Fajr-Alarm an,ضبط منبه الفجر,Ajustar la alarma de Faŷr,फज्र अलार्म समायोजित करे,Ajuster l\'alarme FAJR
set your fajr alarm according to your preference,sabah alarmınızı tercihinize göre ayarlayın,Atur alarm fajr Anda sesuai dengan preferensi Anda,Stellen Sie Ihren Fajr-Alarm nach Ihren Wünschen ein,اضبط منبه الفجر حسب تفضيلاتك,Configura tu alarma Faŷr según tus preferencias,अपनी पसंद के अनुसार अपना फज्र अलार्म सेट करें,Définissez votre alarme FAJR en fonction de votre préférence
Wakeup Trigger,Uyandırma Tetikleyicisi,Pemicu bangun,Wakeup-Trigger,تحدى الاستيقاظ,Activador de despertador,वेकअप ट्रिगर,Déclencheur de réveil
Choose the challenge you want to have,Sahip olmak istediğiniz mücadeleyi seçin,Pilih tantangan yang ingin Anda miliki,"Wählen Sie die Herausforderung, die Sie haben möchten",تحديد نوع التحدى للاستيقاظ,Elige el desafío que quieres tener,वह चुनौती चुनें जो आप चाहते हैं,Choisissez le défi que vous voulez avoir
Sync your Prayer times with google calendar,Namaz vakitlerinizi Google takvimiyle senkronize edin,Sinkronisasi Waktu Doa Anda dengan Kalender Google,Synchronisieren Sie Ihre Gebetszeiten mit dem Google Kalender,مزامنة أوقات الصلاة مع تقويم جوجل,Sincroniza tus tiempos de oración con Google Calendar,अपनी प्रार्थना के समय को Google कैलेंडर के साथ सिंक करे,Synchronisez vos temps de prière avec Google Calendar
Make sure your daily events and prayer times never clash,Günlük olaylarınızın ve namaz vakitlerinizin asla çakışmadığından emin olun,Pastikan acara harian dan waktu doa Anda tidak pernah berbenturan,"Stellen Sie sicher, dass Ihre täglichen Ereignisse und Gebetszeiten nie in Konflikt geraten",عرض أوقات الصلاة على التقويم الخاص بك لتخطيط فعالياتك حول أهم الأحداث في اليوم,Asegúrate de que tus eventos diarios y tus tiempos de oración nunca entren en conflicto,सुनिश्चित करें कि आपके दैनिक कार्यक्रम और प्रार्थना के समय में कभी टकराव न हो,Assurez-vous que vos événements quotidiens et vos temps de prière ne s\'affrontent jamais
Wakeup Trigger,Uyandırma Tetikleyicisi,Pemicu bangun,Wakeup-Trigger,تحدى الاستيقاظ,Activador de despertador,वेकअप ट्रिगर,Déclencheur de réveil
Choose the challenge you want to have,Sahip olmak istediğiniz mücadeleyi seçin,Pilih tantangan yang ingin Anda miliki,"Wählen Sie die Herausforderung, die Sie haben möchten",تحديد نوع التحدى للاستيقاظ,Elige el desafío que quieres tener,वह चुनौती चुनें जो आप चाहते हैं,Choisissez le défi que vous voulez avoir
Your Journey to learning Quran starts here,Kuran öğrenme yolculuğunuz burada başlıyor,Perjalanan Anda untuk Belajar Quran dimulai di sini,Ihre Reise zum Erlernen des Korans beginnt hier,رحلتك الى تعلم القرأن الكريم,Tu viaje para aprender el Corán comienza aquí<,कुरान सीखने की आपकी यात्रा यहां से शुरू होती है,Votre voyage vers l\'apprentissage du Coran commence ici
Choose from our handpicked verified Quran Tutors and start learning in your native language.,"Özenle seçilmiş, doğrulanmış Kur\'an Eğitmenlerimiz arasından seçim yapın ve ana dilinizde öğrenmeye başlayın",Pilih dari tutor Quran yang diverifikasi tangan kami dan mulailah belajar dalam bahasa ibu Anda.,"Wählen Sie aus unseren handverlesenen, verifizierten Koranlehrern und beginnen Sie mit dem Lernen in Ihrer Muttersprache",اختر من امهر المحفظين المعتمدين لدى نظامنا و نعلم بلغتك الأم,Elige entre nuestros tutores del Corán verificados cuidadosamente seleccionados y comienza a aprender en tu idioma nativo.,हमारे चुने हुए सत्यापित कुरान शिक्षकों में से चुनें और अपनी मूल भाषा में सीखना शुरू करें.,Choisissez parmi nos tuteurs Coran vérifiés triés sur le volet et commencez à apprendre dans votre langue maternelle.
"Experience our stunning new designs for Fajr!
Sync seamlessly with Google Calendar for effortless organization. Plus, enjoy dedicated Fajr for Quran (Qurany) features to enhance your spiritual journey.",,Nikmati desain baru yang menakjubkan untuk Fajr! Sinkronkan dengan lancar dengan Kalender Google untuk organisasi yang mudah. Nikmati fitur Fajr untuk Qur'an yang didedikasikan untuk meningkatkan perjalanan spiritual Anda.,"Erleben Sie unsere atemberaubenden neuen Designs für Fajr! Synchronisieren Sie nahtlos mit Google Kalender für eine mühelose Organisation. Außerdem genießen Sie spezielle Fajr für Quran (Qurany) Funktionen, um Ihre spirituelle Reise zu bereichern. ","
استمتع بتصميماتنا الجديدة المذهلة لتطبيق فجر! التزامن بسلاسة مع تقويم جوجل لتنظيم يسير وسهل. بالإضافة إلى ذلك، استمتع بتطبيق قرآني لتعزيز رحلتك الدينيه","Experimenta nuestros impresionantes nuevos diseños para Fajr! Sincroniza sin problemas con Google Calendar para una organización sin esfuerzo. Además, disfruta de las funciones dedicadas de Fajr para el Corán (Qurany) para mejorar tu viaje espiritual.","फजर के लिए हमारे शानदार नए डिजाइन का अनुभव करें! आसानी से संगठित करने के लिए Google कैलेंडर के साथ सहजता से सिंक करें। साथ ही, अपनी आध्यात्मिक यात्रा को बेहतर बनाने के लिए कुरान (कुरानी) के लिए समर्पित फजर के फीचर्स का आनंद लें। ","Découvrez nos nouveaux designs époustouflants pour le Fajr ! Synchronisez-vous parfaitement avec le calendrier Google pour une organisation sans effort. De plus, profitez de fonctionnalités dédiées au Fajr et au Coran pour enrichir votre parcours spirituel. "